{
  "class_names": [
    "Raigad - Hirkani Buruj",
    "Raigad - Jagadishwar Temple",
    "Raigad - Nagarkhana Darwaja",
    "Raigad - Shivaji Maharaj Samadhi",
    "Sinhgad - Kalyan darwaza",
    "Sinhgad - Kondhaneshwar Temple",
    "Sinhgad - Pune darwaza",
    "Sinhgad - Rajaram Samadhi",
    "Sinhgad - Tanaji Machi"
  ],
  "target_per_class": 30,
  "head": {
    "accuracy": [
      0.13425925374031067,
      0.2361111044883728,
      0.29629629850387573,
      0.47685185074806213,
      0.5648148059844971,
      0.7129629850387573,
      0.7175925970077515,
      0.7638888955116272,
      0.8055555820465088,
      0.8194444179534912,
      0.8148148059844971,
      0.8472222089767456,
      0.8564814925193787,
      0.8888888955116272,
      0.9120370149612427,
      0.875,
      0.8842592835426331,
      0.9259259104728699,
      0.8888888955116272,
      0.9120370149612427
    ],
    "loss": [
      2.5238587856292725,
      2.1059765815734863,
      1.8774365186691284,
      1.4757837057113647,
      1.320881962776184,
      1.0266239643096924,
      0.9669047594070435,
      0.8229595422744751,
      0.7458171844482422,
      0.6408762335777283,
      0.6258366107940674,
      0.5488049983978271,
      0.5053998231887817,
      0.43640196323394775,
      0.4038943648338318,
      0.42137712240219116,
      0.41273054480552673,
      0.3226509094238281,
      0.34481799602508545,
      0.3342864215373993
    ],
    "val_accuracy": [
      0.4444444477558136,
      0.6296296119689941,
      0.7407407164573669,
      0.7222222089767456,
      0.7037037014961243,
      0.7407407164573669,
      0.7222222089767456,
      0.7777777910232544,
      0.8518518805503845,
      0.8148148059844971,
      0.8333333134651184,
      0.8518518805503845,
      0.8333333134651184,
      0.8888888955116272,
      0.8518518805503845,
      0.8703703880310059,
      0.9444444179534912,
      0.9444444179534912,
      0.9259259104728699,
      0.9444444179534912
    ],
    "val_loss": [
      1.9728422164916992,
      1.5602827072143555,
      1.2889857292175293,
      1.1431132555007935,
      1.0438185930252075,
      0.9337255954742432,
      0.848013162612915,
      0.7301309108734131,
      0.6020187139511108,
      0.609298586845398,
      0.5441120862960815,
      0.5435009598731995,
      0.5373362302780151,
      0.46898162364959717,
      0.47163891792297363,
      0.4369564354419708,
      0.3727833330631256,
      0.3401656746864319,
      0.3546842634677887,
      0.3180031478404999
    ]
  },
  "fine_tune": {
    "accuracy": [
      0.7407407164573669,
      0.7870370149612427,
      0.7916666865348816,
      0.8287037014961243,
      0.8333333134651184,
      0.875,
      0.8518518805503845,
      0.9166666865348816
    ],
    "loss": [
      0.8257377743721008,
      0.7371697425842285,
      0.6847395896911621,
      0.5917689204216003,
      0.5652191638946533,
      0.49610695242881775,
      0.4875410497188568,
      0.4086088240146637
    ],
    "val_accuracy": [
      0.9444444179534912,
      0.9259259104728699,
      0.9259259104728699,
      0.9074074029922485,
      0.9074074029922485,
      0.8888888955116272,
      0.8888888955116272,
      0.8888888955116272
    ],
    "val_loss": [
      0.34112751483917236,
      0.36140167713165283,
      0.3712317943572998,
      0.37594011425971985,
      0.3773764371871948,
      0.37756726145744324,
      0.3729346990585327,
      0.3664700984954834
    ]
  }
}